iterations,time,lowerbound,upperbound,graph_size,queue_size,explore,exploit
1,0.0447632,0.00493907,0.0557685,1,346,1,0
10000,24.1688,0.00493907,0.0557685,5525,800022,9999,0
20000,32.2101,0.00493907,0.0557685,10237,1169834,10000,0
20000,36.9625,0.00493907,0.0557685,10237,1169834,10000,0
10000,17.2681,0.00493907,0.0557685,5525,800022,9999,0
30000,45.4869,0.00493907,0.0557685,14962,1320136,10000,0
20000,42.9588,0.00493907,0.0557685,10237,1169834,10000,0
30000,52.5669,0.00493907,0.0557685,14962,1320136,10000,0
20000,31.7231,0.00493907,0.0557685,10237,1169834,10000,0
40000,58.069,0.00493907,0.0557685,19568,1310158,10000,0
30000,59.1238,0.00493907,0.0557685,14962,1320136,10000,0
40000,67.0812,0.00493907,0.0557685,19568,1310158,10000,0
30000,44.8882,0.00493907,0.0557685,14962,1320136,10000,0
50000,71.5683,0.00493907,0.0557685,24050,1400178,10000,0
40000,73.7519,0.00493907,0.0557685,19568,1310158,10000,0
40000,57.1645,0.00493907,0.0557685,19568,1310158,10000,0
50000,82.6009,0.00493907,0.0557685,24050,1400178,10000,0
60000,85.32,0.00493907,0.0557685,28533,1513596,10000,0
50000,70.3877,0.00493907,0.0557685,24050,1400178,10000,0
50000,90.4005,0.00493907,0.0557685,24050,1400178,10000,0
70000,98.7267,0.00493907,0.0557685,32950,1542440,10000,0
60000,98.4968,0.00493907,0.0557685,28533,1513596,10000,0
60000,83.8479,0.00493907,0.0557685,28533,1513596,10000,0
80000,112.626,0.00493907,0.0557685,37398,1582024,10000,0
60000,107.914,0.00493907,0.0557685,28533,1513596,10000,0
70000,113.948,0.00493907,0.0557685,32950,1542440,10000,0
70000,97.0442,0.00493907,0.0557685,32950,1542440,10000,0
90000,126.799,0.00493907,0.0557685,41726,1644945,10000,0
70000,124.908,0.00493907,0.0557685,32950,1542440,10000,0
80000,130.073,0.00493907,0.0557685,37398,1582024,10000,0
80000,110.623,0.00493907,0.0557685,37398,1582024,10000,0
100000,140.747,0.00493907,0.0557685,46017,1648477,10000,0
90000,146.733,0.00493907,0.0557685,41726,1644945,10000,0
80000,142.948,0.00493907,0.0557685,37398,1582024,10000,0
90000,124.535,0.00493907,0.0557685,41726,1644945,10000,0
110000,155.522,0.00493907,0.0557685,50351,1736407,10000,0
100000,138.191,0.00493907,0.0557685,46017,1648477,10000,0
100000,162.918,0.00493907,0.0557685,46017,1648477,10000,0
90000,161.787,0.00493907,0.0557685,41726,1644945,10000,0
120000,170.14,0.00493907,0.0557685,54565,1776206,10000,0
110000,152.66,0.00493907,0.0557685,50351,1736407,10000,0
110000,180.039,0.00493907,0.0557685,50351,1736407,10000,0
130000,184.834,0.00493907,0.0557685,58772,1766232,10000,0
100000,180.516,0.00493907,0.0557685,46017,1648477,10000,0
120000,167.015,0.00493907,0.0557685,54565,1776206,10000,0
120000,196.993,0.00493907,0.0557685,54565,1776206,10000,0
140000,199.655,0.00493907,0.0557685,63055,1756273,10000,0
130000,181.327,0.00493907,0.0557685,58772,1766232,10000,0
110000,200.819,0.00493907,0.0557685,50351,1736407,10000,0
150000,214.768,0.00493907,0.0557685,67221,1792990,10000,0
130000,213.94,0.00493907,0.0557685,58772,1766232,10000,0
140000,195.861,0.00493907,0.0557685,63055,1756273,10000,0
120000,221.247,0.00493907,0.0557685,54565,1776206,10000,0
160000,230.07,0.00493907,0.0557685,71338,1783021,10000,0
140000,231.061,0.00493907,0.0557685,63055,1756273,10000,0
150000,210.831,0.00493907,0.0557685,67221,1792990,10000,0
170000,245.933,0.00493907,0.0557685,75384,1860047,10000,0
130000,241.746,0.00493907,0.0557685,58772,1766232,10000,0
150000,248.531,0.00493907,0.0557685,67221,1792990,10000,0
160000,225.845,0.00493907,0.0557685,71338,1783021,10000,0
180000,261.669,0.00493907,0.0557685,79518,1850073,10000,0
170000,241.499,0.00493907,0.0557685,75384,1860047,10000,0
160000,265.909,0.00493907,0.0557685,71338,1783021,10000,0
140000,262.78,0.00493907,0.0557685,63055,1756273,10000,0
190000,277.868,0.00493907,0.0557685,83626,1889046,10000,0
180000,256.929,0.00493907,0.0557685,79518,1850073,10000,0
170000,284.025,0.00493907,0.0557685,75384,1860047,10000,0
150000,284.855,0.00493907,0.0557685,67221,1792990,10000,0
200000,294.145,0.00493907,0.0557685,87508,1929611,10000,0
190000,272.813,0.00493907,0.0557685,83626,1889046,10000,0
180000,301.866,0.00493907,0.0557685,79518,1850073,10000,0
210000,310.399,0.00493907,0.0557685,91596,1919640,10000,0
160000,307.328,0.00493907,0.0557685,71338,1783021,10000,0
200000,288.761,0.00493907,0.0557685,87508,1929611,10000,0
190000,320.209,0.00493907,0.0557685,83626,1889046,10000,0
220000,326.835,0.00493907,0.0557685,95437,1909660,10000,0
210000,304.787,0.00493907,0.0557685,91596,1919640,10000,0
170000,331.086,0.00493907,0.0557685,75384,1860047,10000,0
200000,338.736,0.00493907,0.0557685,87508,1929611,10000,0
230000,343.478,0.00493907,0.0557685,99357,1899695,10000,0
220000,320.971,0.00493907,0.0557685,95437,1909660,10000,0
210000,357.363,0.00493907,0.0557685,91596,1919640,10000,0
240000,360.388,0.00493907,0.0557685,103364,1915573,10000,0
180000,354.616,0.00493907,0.0557685,79518,1850073,10000,0
230000,337.409,0.00493907,0.0557685,99357,1899695,10000,0
250000,377.575,0.00493907,0.0557685,107341,1974073,10000,0
220000,376.11,0.00493907,0.0557685,95437,1909660,10000,0
240000,354.155,0.00493907,0.0557685,103364,1915573,10000,0
190000,379.054,0.00493907,0.0557685,83626,1889046,10000,0
260000,394.487,0.00493907,0.0557685,111096,1964096,10000,0
250000,370.956,0.00493907,0.0557685,107341,1974073,10000,0
230000,395.134,0.00493907,0.0557685,99357,1899695,10000,0
200000,403.965,0.00493907,0.0557685,87508,1929611,10000,0
270000,411.939,0.00493907,0.0557685,114972,2000967,10000,0
260000,387.716,0.00493907,0.0557685,111096,1964096,10000,0
240000,414.629,0.00493907,0.0557685,103364,1915573,10000,0
280000,429.703,0.00493907,0.0557685,118832,2081754,10000,0
270000,404.83,0.00493907,0.0557685,114972,2000967,10000,0
210000,428.856,0.00493907,0.0557685,91596,1919640,10000,0
250000,434.417,0.00493907,0.0557685,107341,1974073,10000,0
280000,422.379,0.00493907,0.0557685,118832,2081754,10000,0
290000,447.502,0.00493907,0.0557685,122717,2071787,10000,0
260000,454.04,0.00493907,0.0557685,111096,1964096,10000,0
220000,454.498,0.00493907,0.0557685,95437,1909660,10000,0
290000,439.828,0.00493907,0.0557685,122717,2071787,10000,0
300000,465.683,0.00493907,0.0557685,126490,2072771,10000,0
270000,474.092,0.00493907,0.0557685,114972,2000967,10000,0
300000,457.485,0.00493907,0.0557685,126490,2072771,10000,0
310000,484.135,0.00493907,0.0557685,130348,2062793,10000,0
230000,480.222,0.00493907,0.0557685,99357,1899695,10000,0
280000,494.335,0.00493907,0.0557685,118832,2081754,10000,0
310000,475.274,0.00493907,0.0557685,130348,2062793,10000,0
320000,503.783,0.00493907,0.0557685,134196,2220914,10000,0
240000,507.08,0.00493907,0.0557685,103364,1915573,10000,0
290000,514.544,0.00493907,0.0557685,122717,2071787,10000,0
320000,494.188,0.00493907,0.0557685,134196,2220914,10000,0
330000,523.078,0.00493907,0.0557685,138100,2301568,10000,0
300000,535.291,0.00493907,0.0557685,126490,2072771,10000,0
330000,512.803,0.00493907,0.0557685,138100,2301568,10000,0
250000,534.336,0.00493907,0.0557685,107341,1974073,10000,0
340000,542.248,0.00493907,0.0557685,141776,2398974,10000,0
340000,531.745,0.00493907,0.0557685,141776,2398974,10000,0
310000,556.119,0.00493907,0.0557685,130348,2062793,10000,0
350000,561.176,0.00493907,0.0557685,145466,2412692,10000,0
260000,561.984,0.00493907,0.0557685,111096,1964096,10000,0
350000,550.4,0.00493907,0.0557685,145466,2412692,10000,0
320000,578.17,0.00493907,0.0557685,134196,2220914,10000,0
360000,580.162,0.00493907,0.0557685,149133,2445697,10000,0
360000,569.334,0.00493907,0.0557685,149133,2445697,10000,0
270000,590.161,0.00493907,0.0557685,114972,2000967,10000,0
370000,599.19,0.00493907,0.0557685,152847,2435726,10000,0
330000,599.886,0.00493907,0.0557685,138100,2301568,10000,0
370000,588.393,0.00493907,0.0557685,152847,2435726,10000,0
380000,619.348,0.00493907,0.0557685,156440,2425743,10000,0
340000,621.996,0.00493907,0.0557685,141776,2398974,10000,0
280000,619.175,0.00493907,0.0557685,118832,2081754,10000,0
380000,607.707,0.00493907,0.0557685,156440,2425743,10000,0
390000,639.719,0.00493907,0.0557685,160095,2415779,10000,0
350000,643.699,0.00493907,0.0557685,145466,2412692,10000,0
390000,626.997,0.00493907,0.0557685,160095,2415779,10000,0
290000,648.113,0.00493907,0.0557685,122717,2071787,10000,0
400000,660.113,0.00493907,0.0557685,163805,2405807,10000,0
360000,665.882,0.00493907,0.0557685,149133,2445697,10000,0
400000,646.301,0.00493907,0.0557685,163805,2405807,10000,0
410000,680.686,0.00493907,0.0557685,167427,2395830,10000,0
300000,677.831,0.00493907,0.0557685,126490,2072771,10000,0
370000,687.893,0.00493907,0.0557685,152847,2435726,10000,0
410000,665.914,0.00493907,0.0557685,167427,2395830,10000,0
420000,701.604,0.00493907,0.0557685,171059,2427633,10000,0
420000,685.707,0.00493907,0.0557685,171059,2427633,10000,0
380000,710.049,0.00493907,0.0557685,156440,2425743,10000,0
310000,707.808,0.00493907,0.0557685,130348,2062793,10000,0
430000,722.137,0.00493907,0.0557685,174706,2417661,10000,0
430000,705.485,0.00493907,0.0557685,174706,2417661,10000,0
390000,732.427,0.00493907,0.0557685,160095,2415779,10000,0
440000,742.463,0.00493907,0.0557685,178223,2407681,10000,0
320000,740.021,0.00493907,0.0557685,134196,2220914,10000,0
440000,725.407,0.00493907,0.0557685,178223,2407681,10000,0
400000,754.923,0.00493907,0.0557685,163805,2405807,10000,0
450000,763.3,0.00493907,0.0557685,181702,2480995,10000,0
450000,745.722,0.00493907,0.0557685,181702,2480995,10000,0
330000,771.424,0.00493907,0.0557685,138100,2301568,10000,0
410000,777.977,0.00493907,0.0557685,167427,2395830,10000,0
460000,784.706,0.00493907,0.0557685,185381,2472352,10000,0
460000,765.948,0.00493907,0.0557685,185381,2472352,10000,0
420000,801.282,0.00493907,0.0557685,171059,2427633,10000,0
470000,805.788,0.00493907,0.0557685,188762,2504629,10000,0
340000,803.823,0.00493907,0.0557685,141776,2398974,10000,0
470000,786.333,0.00493907,0.0557685,188762,2504629,10000,0
430000,824.894,0.00493907,0.0557685,174706,2417661,10000,0
480000,826.585,0.00493907,0.0557685,192298,2494650,10000,0
480000,806.759,0.00493907,0.0557685,192298,2494650,10000,0
350000,835.899,0.00493907,0.0557685,145466,2412692,10000,0
490000,846.77,0.00493907,0.0557685,195818,2486234,10000,0
440000,848.827,0.00493907,0.0557685,178223,2407681,10000,0
490000,827.051,0.00493907,0.0557685,195818,2486234,10000,0
500000,867.431,0.00493907,0.0557685,199430,2515275,10000,0
500000,847.612,0.00493907,0.0557685,199430,2515275,10000,0
450000,873.187,0.00493907,0.0557685,181702,2480995,10000,0
360000,868.98,0.00493907,0.0557685,149133,2445697,10000,0
510000,887.966,0.00493907,0.0557685,202953,2505645,10000,0
510000,868.091,0.00493907,0.0557685,202953,2505645,10000,0
460000,897.539,0.00493907,0.0557685,185381,2472352,10000,0
370000,901.919,0.00493907,0.0557685,152847,2435726,10000,0
520000,910.179,0.00493907,0.0557685,206502,2537865,10000,0
520000,889.244,0.00493907,0.0557685,206502,2537865,10000,0
470000,922.235,0.00493907,0.0557685,188762,2504629,10000,0
530000,933.279,0.00493907,0.0557685,209965,2570049,10000,0
530000,910.411,0.00493907,0.0557685,209965,2570049,10000,0
380000,935.832,0.00493907,0.0557685,156440,2425743,10000,0
480000,946.975,0.00493907,0.0557685,192298,2494650,10000,0
540000,955.923,0.00493907,0.0557685,213587,2641709,10000,0
540000,931.796,0.00493907,0.0557685,213587,2641709,10000,0
490000,971.68,0.00493907,0.0557685,195818,2486234,10000,0
390000,969.934,0.00493907,0.0557685,160095,2415779,10000,0
550000,953.372,0.00493907,0.0557685,216962,2631734,10000,0
550000,979.186,0.00493907,0.0557685,216962,2631734,10000,0
500000,996.967,0.00493907,0.0557685,199430,2515275,10000,0
560000,974.699,0.00493907,0.0557685,220478,2622891,10000,0
560000,1001.93,0.00493907,0.0557685,220478,2622891,10000,0
400000,1004.28,0.00493907,0.0557685,163805,2405807,10000,0
570000,997.159,0.00493907,0.0557685,223709,2669771,10000,0
510000,1022.68,0.00493907,0.0557685,202953,2505645,10000,0
570000,1025.3,0.00493907,0.0557685,223709,2669771,10000,0
580000,1019.54,0.00493907,0.0557685,227319,2683851,10000,0
410000,1039.43,0.00493907,0.0557685,167427,2395830,10000,0
580000,1049.01,0.00493907,0.0557685,227319,2683851,10000,0
520000,1049.34,0.00493907,0.0557685,206502,2537865,10000,0
590000,1042.37,0.00493907,0.0557685,230644,2709748,10000,0
590000,1073.4,0.00493907,0.0557685,230644,2709748,10000,0
530000,1075.71,0.00493907,0.0557685,209965,2570049,10000,0
420000,1075.08,0.00493907,0.0557685,171059,2427633,10000,0
600000,1065.71,0.00493907,0.0557685,233974,2739726,10000,0
600000,1098.42,0.00493907,0.0557685,233974,2739726,10000,0
540000,1102.49,0.00493907,0.0557685,213587,2641709,10000,0
610000,1088.89,0.00493907,0.0557685,237296,2768021,10000,0
430000,1110.78,0.00493907,0.0557685,174706,2417661,10000,0
610000,1123.63,0.00493907,0.0557685,237296,2768021,10000,0
550000,1129.76,0.00493907,0.0557685,216962,2631734,10000,0
620000,1112.55,0.00493907,0.0557685,240537,2796124,10000,0
620000,1149.17,0.00493907,0.0557685,240537,2796124,10000,0
440000,1147.55,0.00493907,0.0557685,178223,2407681,10000,0
560000,1156.98,0.00493907,0.0557685,220478,2622891,10000,0
630000,1136.4,0.00493907,0.0557685,243917,2786151,10000,0
630000,1175.3,0.00493907,0.0557685,243917,2786151,10000,0
640000,1160.35,0.00493907,0.0557685,247346,2776187,10000,0
570000,1184.89,0.00493907,0.0557685,223709,2669771,10000,0
450000,1184.87,0.00493907,0.0557685,181702,2480995,10000,0
640000,1201.6,0.00493907,0.0557685,247346,2776187,10000,0
650000,1184.99,0.00493907,0.0557685,250409,2766211,10000,0
580000,1212.76,0.00493907,0.0557685,227319,2683851,10000,0
460000,1221.98,0.00493907,0.0557685,185381,2472352,10000,0
650000,1228.31,0.00493907,0.0557685,250409,2766211,10000,0
660000,1209.55,0.00493907,0.0557685,253835,2756235,10000,0
590000,1241.11,0.00493907,0.0557685,230644,2709748,10000,0
660000,1254.11,0.00493907,0.0557685,253835,2756235,10000,0
670000,1234.33,0.00493907,0.0557685,257312,2746268,10000,0
470000,1259.85,0.00493907,0.0557685,188762,2504629,10000,0
600000,1269.93,0.00493907,0.0557685,233974,2739726,10000,0
670000,1279.39,0.00493907,0.0557685,257312,2746268,10000,0
680000,1259.35,0.00493907,0.0557685,260516,2736297,10000,0
610000,1299.1,0.00493907,0.0557685,237296,2768021,10000,0
480000,1297.41,0.00493907,0.0557685,192298,2494650,10000,0
680000,1306.21,0.00493907,0.0557685,260516,2736297,10000,0
690000,1284.4,0.00493907,0.0557685,263930,2726819,10000,0
620000,1329.03,0.00493907,0.0557685,240537,2796124,10000,0
690000,1333.18,0.00493907,0.0557685,263930,2726819,10000,0
700000,1309.37,0.00493907,0.0557685,267173,2755163,10000,0
490000,1334.89,0.00493907,0.0557685,195818,2486234,10000,0
710000,1334.66,0.00493907,0.0557685,270422,2782698,10000,0
630000,1359.03,0.00493907,0.0557685,243917,2786151,10000,0
700000,1360.9,0.00493907,0.0557685,267173,2755163,10000,0
500000,1373.18,0.00493907,0.0557685,199430,2515275,10000,0
720000,1359.75,0.00493907,0.0557685,273769,2773007,10000,0
710000,1389.08,0.00493907,0.0557685,270422,2782698,10000,0
640000,1389.27,0.00493907,0.0557685,247346,2776187,10000,0
730000,1385.48,0.00493907,0.0557685,276931,2763024,10000,0
720000,1416.57,0.00493907,0.0557685,273769,2773007,10000,0
510000,1411.19,0.00493907,0.0557685,202953,2505645,10000,0
650000,1420.98,0.00493907,0.0557685,250409,2766211,10000,0
740000,1410.66,0.00493907,0.0557685,280422,2831533,10000,0
730000,1444.28,0.00493907,0.0557685,276931,2763024,10000,0
660000,1451.99,0.00493907,0.0557685,253835,2756235,10000,0
520000,1450.95,0.00493907,0.0557685,206502,2537865,10000,0
750000,1436.88,0.00493907,0.0557685,283611,2821561,10000,0
740000,1472.28,0.00493907,0.0557685,280422,2831533,10000,0
670000,1483.84,0.00493907,0.0557685,257312,2746268,10000,0
760000,1463.2,0.00493907,0.0557685,286883,2811593,10000,0
530000,1490.57,0.00493907,0.0557685,209965,2570049,10000,0
750000,1501.76,0.00493907,0.0557685,283611,2821561,10000,0
770000,1489.71,0.00493907,0.0557685,290050,2801615,10000,0
680000,1515.89,0.00493907,0.0557685,260516,2736297,10000,0
760000,1531.87,0.00493907,0.0557685,286883,2811593,10000,0
540000,1530.54,0.00493907,0.0557685,213587,2641709,10000,0
780000,1516.92,0.00493907,0.0557685,293154,2809597,10000,0
690000,1547.94,0.00493907,0.0557685,263930,2726819,10000,0
770000,1562.24,0.00493907,0.0557685,290050,2801615,10000,0
790000,1543.32,0.00493907,0.0557685,296583,2819411,10000,0
550000,1571.67,0.00493907,0.0557685,216962,2631734,10000,0
700000,1580.69,0.00493907,0.0557685,267173,2755163,10000,0
780000,1592.24,0.00493907,0.0557685,293154,2809597,10000,0
800000,1570.47,0.00493907,0.0557685,299670,2845178,10000,0
710000,1613.98,0.00493907,0.0557685,270422,2782698,10000,0
560000,1611.81,0.00493907,0.0557685,220478,2622891,10000,0
790000,1620.52,0.00493907,0.0557685,296583,2819411,10000,0
810000,1597.4,0.00493907,0.0557685,302900,2836582,10000,0
720000,1647.34,0.00493907,0.0557685,273769,2773007,10000,0
800000,1649.23,0.00493907,0.0557685,299670,2845178,10000,0
820000,1624.34,0.00493907,0.0557685,306048,2861863,10000,0
570000,1653.49,0.00493907,0.0557685,223709,2669771,10000,0
830000,1652.19,0.00493907,0.0557685,309228,2851898,10000,0
810000,1677.63,0.00493907,0.0557685,302900,2836582,10000,0
730000,1681.45,0.00493907,0.0557685,276931,2763024,10000,0
580000,1694.27,0.00493907,0.0557685,227319,2683851,10000,0
840000,1679.89,0.00493907,0.0557685,312364,2878096,10000,0
820000,1706.08,0.00493907,0.0557685,306048,2861863,10000,0
740000,1714.72,0.00493907,0.0557685,280422,2831533,10000,0
850000,1707.68,0.00493907,0.0557685,315510,2868125,10000,0
830000,1736.94,0.00493907,0.0557685,309228,2851898,10000,0
590000,1735.87,0.00493907,0.0557685,230644,2709748,10000,0
750000,1749.25,0.00493907,0.0557685,283611,2821561,10000,0
860000,1736.12,0.00493907,0.0557685,318618,2894847,10000,0
840000,1768.29,0.00493907,0.0557685,312364,2878096,10000,0
600000,1778.4,0.00493907,0.0557685,233974,2739726,10000,0
760000,1784.3,0.00493907,0.0557685,286883,2811593,10000,0
870000,1764.78,0.00493907,0.0557685,321845,2884880,10000,0
850000,1800.16,0.00493907,0.0557685,315510,2868125,10000,0
880000,1793.53,0.00493907,0.0557685,324855,2874901,10000,0
770000,1819.66,0.00493907,0.0557685,290050,2801615,10000,0
610000,1821.33,0.00493907,0.0557685,237296,2768021,10000,0
860000,1832.43,0.00493907,0.0557685,318618,2894847,10000,0
890000,1822.84,0.00493907,0.0557685,327921,2864932,10000,0
780000,1856.08,0.00493907,0.0557685,293154,2809597,10000,0
870000,1864.65,0.00493907,0.0557685,321845,2884880,10000,0
620000,1865.16,0.00493907,0.0557685,240537,2796124,10000,0
900000,1851.94,0.00493907,0.0557685,330995,2854965,10000,0
790000,1891.25,0.00493907,0.0557685,296583,2819411,10000,0
880000,1897.75,0.00493907,0.0557685,324855,2874901,10000,0
910000,1881.18,0.00493907,0.0557685,334092,2844989,10000,0
630000,1909.52,0.00493907,0.0557685,243917,2786151,10000,0
800000,1927.66,0.00493907,0.0557685,299670,2845178,10000,0
890000,1931.66,0.00493907,0.0557685,327921,2864932,10000,0
920000,1910.23,0.00493907,0.0557685,337311,2871228,10000,0
640000,1953.96,0.00493907,0.0557685,247346,2776187,10000,0
930000,1939.6,0.00493907,0.0557685,340471,2861255,10000,0
900000,1965.12,0.00493907,0.0557685,330995,2854965,10000,0
810000,1964.12,0.00493907,0.0557685,302900,2836582,10000,0
940000,1969.49,0.00493907,0.0557685,343584,2854435,10000,0
910000,1998.36,0.00493907,0.0557685,334092,2844989,10000,0
820000,2000.26,0.00493907,0.0557685,306048,2861863,10000,0
650000,2000.4,0.00493907,0.0557685,250409,2766211,10000,0
950000,1998.88,0.00493907,0.0557685,346684,2912691,10000,0
920000,2030.67,0.00493907,0.0557685,337311,2871228,10000,0
830000,2038.19,0.00493907,0.0557685,309228,2851898,10000,0
660000,2045.64,0.00493907,0.0557685,253835,2756235,10000,0
960000,2028.9,0.00493907,0.0557685,349603,2902716,10000,0
930000,2064.89,0.00493907,0.0557685,340471,2861255,10000,0
840000,2075.62,0.00493907,0.0557685,312364,2878096,10000,0
970000,2058.59,0.00493907,0.0557685,352837,2893085,10000,0
670000,2091.92,0.00493907,0.0557685,257312,2746268,10000,0
940000,2099.72,0.00493907,0.0557685,343584,2854435,10000,0
980000,2089.32,0.00493907,0.0557685,355659,2918090,10000,0
850000,2113.21,0.00493907,0.0557685,315510,2868125,10000,0
950000,2133.84,0.00493907,0.0557685,346684,2912691,10000,0
680000,2138.43,0.00493907,0.0557685,260516,2736297,10000,0
990000,2120.24,0.00493907,0.0557685,358646,2908115,10000,0
860000,2151.2,0.00493907,0.0557685,318618,2894847,10000,0
960000,2168.75,0.00493907,0.0557685,349603,2902716,10000,0
1000000,2151.47,0.00493907,0.0557685,361673,2898149,10000,0
690000,2184.53,0.00493907,0.0557685,263930,2726819,10000,0
870000,2190.02,0.00493907,0.0557685,321845,2884880,10000,0
970000,2202.82,0.00493907,0.0557685,352837,2893085,10000,0
1010000,2182.34,0.00493907,0.0557685,364632,2888174,10000,0
880000,2228.5,0.00493907,0.0557685,324855,2874901,10000,0
700000,2231.76,0.00493907,0.0557685,267173,2755163,10000,0
980000,2237.94,0.00493907,0.0557685,355659,2918090,10000,0
1020000,2213.76,0.00493907,0.0557685,367749,2913491,10000,0
890000,2268.58,0.00493907,0.0557685,327921,2864932,10000,0
1030000,2246.42,0.00493907,0.0557685,370819,2904740,10000,0
990000,2272.08,0.00493907,0.0557685,358646,2908115,10000,0
710000,2279.69,0.00493907,0.0557685,270422,2782698,10000,0
1040000,2278.08,0.00493907,0.0557685,373821,2928218,10000,0
1000000,2306.66,0.00493907,0.0557685,361673,2898149,10000,0
900000,2308.11,0.00493907,0.0557685,330995,2854965,10000,0
720000,2327.13,0.00493907,0.0557685,273769,2773007,10000,0
1050000,2311.34,0.00493907,0.0557685,376729,2918242,10000,0
1010000,2341.57,0.00493907,0.0557685,364632,2888174,10000,0
910000,2347.78,0.00493907,0.0557685,334092,2844989,10000,0
1060000,2344.01,0.00493907,0.0557685,379714,2909340,10000,0
1020000,2377,0.00493907,0.0557685,367749,2913491,10000,0
730000,2375.82,0.00493907,0.0557685,276931,2763024,10000,0
920000,2386.84,0.00493907,0.0557685,337311,2871228,10000,0
1070000,2376.92,0.00493907,0.0557685,382616,2933371,10000,0
1030000,2413.88,0.00493907,0.0557685,370819,2904740,10000,0
930000,2426.63,0.00493907,0.0557685,340471,2861255,10000,0
740000,2422.98,0.00493907,0.0557685,280422,2831533,10000,0
1080000,2410.07,0.00493907,0.0557685,385482,2926721,10000,0
1040000,2449.65,0.00493907,0.0557685,373821,2928218,10000,0
1090000,2442.84,0.00493907,0.0557685,388330,2945791,10000,0
940000,2466.94,0.00493907,0.0557685,343584,2854435,10000,0
750000,2472.24,0.00493907,0.0557685,283611,2821561,10000,0
1050000,2485.44,0.00493907,0.0557685,376729,2918242,10000,0
1100000,2475.72,0.00493907,0.0557685,391265,2935826,10000,0
950000,2505.9,0.00493907,0.0557685,346684,2912691,10000,0
1060000,2520.43,0.00493907,0.0557685,379714,2909340,10000,0
760000,2521.87,0.00493907,0.0557685,286883,2811593,10000,0
1110000,2509.34,0.00493907,0.0557685,394062,2961535,10000,0
960000,2546.76,0.00493907,0.0557685,349603,2902716,10000,0
1070000,2556.9,0.00493907,0.0557685,382616,2933371,10000,0
1120000,2542.07,0.00493907,0.0557685,397139,2951565,10000,0
770000,2571.56,0.00493907,0.0557685,290050,2801615,10000,0
970000,2586.73,0.00493907,0.0557685,352837,2893085,10000,0
1080000,2594.97,0.00493907,0.0557685,385482,2926721,10000,0
1130000,2575.02,0.00493907,0.0557685,400060,2941597,10000,0
780000,2622.97,0.00493907,0.0557685,293154,2809597,10000,0
980000,2627.78,0.00493907,0.0557685,355659,2918090,10000,0
1090000,2631.74,0.00493907,0.0557685,388330,2945791,10000,0
1140000,2608.59,0.00493907,0.0557685,402885,2931622,10000,0
1150000,2642.16,0.00493907,0.0557685,405833,2946771,10000,0
1100000,2668.92,0.00493907,0.0557685,391265,2935826,10000,0
990000,2669.25,0.00493907,0.0557685,358646,2908115,10000,0
790000,2671.91,0.00493907,0.0557685,296583,2819411,10000,0
1160000,2675.39,0.00493907,0.0557685,408515,2944429,10000,0
1110000,2705.85,0.00493907,0.0557685,394062,2961535,10000,0
1000000,2710.62,0.00493907,0.0557685,361673,2898149,10000,0
800000,2723.03,0.00493907,0.0557685,299670,2845178,10000,0
1170000,2706.11,0.00493907,0.0557685,411648,2934801,10000,0
1120000,2743.59,0.00493907,0.0557685,397139,2951565,10000,0
1010000,2752.26,0.00493907,0.0557685,364632,2888174,10000,0
1180000,2738.99,0.00493907,0.0557685,414415,2958783,10000,0
810000,2773.68,0.00493907,0.0557685,302900,2836582,10000,0
1130000,2781.37,0.00493907,0.0557685,400060,2941597,10000,0
1190000,2772.36,0.00493907,0.0557685,417194,2948807,10000,0
1020000,2796.8,0.00493907,0.0557685,367749,2913491,10000,0
1140000,2819.42,0.00493907,0.0557685,402885,2931622,10000,0
1200000,2804.93,0.00493907,0.0557685,420022,2972103,10000,0
820000,2824.63,0.00493907,0.0557685,306048,2861863,10000,0
1030000,2843.46,0.00493907,0.0557685,370819,2904740,10000,0
1150000,2856.52,0.00493907,0.0557685,405833,2946771,10000,0
1210000,2837.98,0.00493907,0.0557685,422929,2994570,10000,0
830000,2877.33,0.00493907,0.0557685,309228,2851898,10000,0
1040000,2888.69,0.00493907,0.0557685,373821,2928218,10000,0
1160000,2896.68,0.00493907,0.0557685,408515,2944429,10000,0
1220000,2871.76,0.00493907,0.0557685,425564,2984591,10000,0
1230000,2905.43,0.00493907,0.0557685,428445,2974624,10000,0
1170000,2931.71,0.00493907,0.0557685,411648,2934801,10000,0
840000,2929.27,0.00493907,0.0557685,312364,2878096,10000,0
1050000,2935.7,0.00493907,0.0557685,376729,2918242,10000,0
1240000,2939.4,0.00493907,0.0557685,431128,2966195,10000,0
1180000,2970.8,0.00493907,0.0557685,414415,2958783,10000,0
1060000,2981.63,0.00493907,0.0557685,379714,2909340,10000,0
850000,2981.31,0.00493907,0.0557685,315510,2868125,10000,0
1250000,2973.35,0.00493907,0.0557685,433959,2987210,10000,0
1190000,3011.61,0.00493907,0.0557685,417194,2948807,10000,0
1070000,3028.14,0.00493907,0.0557685,382616,2933371,10000,0
1260000,3007.4,0.00493907,0.0557685,436638,2982222,10000,0
860000,3034.33,0.00493907,0.0557685,318618,2894847,10000,0
1200000,3052.02,0.00493907,0.0557685,420022,2972103,10000,0
1270000,3040.83,0.00493907,0.0557685,439546,2995095,10000,0
1080000,3074.5,0.00493907,0.0557685,385482,2926721,10000,0
1210000,3091.56,0.00493907,0.0557685,422929,2994570,10000,0
870000,3088.43,0.00493907,0.0557685,321845,2884880,10000,0
1280000,3074.27,0.00493907,0.0557685,442217,2989338,10000,0
1090000,3119.67,0.00493907,0.0557685,388330,2945791,10000,0
1220000,3131.61,0.00493907,0.0557685,425564,2984591,10000,0
1290000,3107.87,0.00493907,0.0557685,445037,2979368,10000,0
880000,3141.83,0.00493907,0.0557685,324855,2874901,10000,0
1100000,3164.91,0.00493907,0.0557685,391265,2935826,10000,0
1300000,3141.9,0.00493907,0.0557685,447774,3002473,10000,0
1230000,3172.85,0.00493907,0.0557685,428445,2974624,10000,0
1310000,3175.24,0.00493907,0.0557685,450560,2992506,10000,0
890000,3197.44,0.00493907,0.0557685,327921,2864932,10000,0
1110000,3210.93,0.00493907,0.0557685,394062,2961535,10000,0
1240000,3213.75,0.00493907,0.0557685,431128,2966195,10000,0
1320000,3210.61,0.00493907,0.0557685,453173,2983735,10000,0
1250000,3255.53,0.00493907,0.0557685,433959,2987210,10000,0
900000,3251.75,0.00493907,0.0557685,330995,2854965,10000,0
1120000,3257.11,0.00493907,0.0557685,397139,2951565,10000,0
1330000,3244.01,0.00493907,0.0557685,455977,3005137,10000,0
1260000,3296.74,0.00493907,0.0557685,436638,2982222,10000,0
1340000,3278.29,0.00493907,0.0557685,458668,3024756,10000,0
1130000,3303.27,0.00493907,0.0557685,400060,2941597,10000,0
910000,3305.96,0.00493907,0.0557685,334092,2844989,10000,0
1270000,3337.13,0.00493907,0.0557685,439546,2995095,10000,0
1350000,3313.25,0.00493907,0.0557685,461280,3052306,10000,0
1140000,3349.33,0.00493907,0.0557685,402885,2931622,10000,0
920000,3359.58,0.00493907,0.0557685,337311,2871228,10000,0
1360000,3348.13,0.00493907,0.0557685,463940,3066127,10000,0
1280000,3377.68,0.00493907,0.0557685,442217,2989338,10000,0
1150000,3395.32,0.00493907,0.0557685,405833,2946771,10000,0
1370000,3383.72,0.00493907,0.0557685,466477,3056157,10000,0
1290000,3418.2,0.00493907,0.0557685,445037,2979368,10000,0
930000,3414.48,0.00493907,0.0557685,340471,2861255,10000,0
1380000,3418.31,0.00493907,0.0557685,469142,3046185,10000,0
1160000,3443.93,0.00493907,0.0557685,408515,2944429,10000,0
1300000,3459.52,0.00493907,0.0557685,447774,3002473,10000,0
940000,3470.16,0.00493907,0.0557685,343584,2854435,10000,0
1390000,3454.94,0.00493907,0.0557685,471674,3045630,10000,0
1170000,3488.55,0.00493907,0.0557685,411648,2934801,10000,0
1310000,3498.29,0.00493907,0.0557685,450560,2992506,10000,0
1400000,3489.76,0.00493907,0.0557685,474368,3085782,10000,0
950000,3524.04,0.00493907,0.0557685,346684,2912691,10000,0
1180000,3535.91,0.00493907,0.0557685,414415,2958783,10000,0
1320000,3540.71,0.00493907,0.0557685,453173,2983735,10000,0
1410000,3526.14,0.00493907,0.0557685,477022,3075809,10000,0
1330000,3581.2,0.00493907,0.0557685,455977,3005137,10000,0
1190000,3584.71,0.00493907,0.0557685,417194,2948807,10000,0
960000,3580.68,0.00493907,0.0557685,349603,2902716,10000,0
1420000,3563.19,0.00493907,0.0557685,479383,3065826,10000,0
1340000,3622.74,0.00493907,0.0557685,458668,3024756,10000,0
1430000,3599.72,0.00493907,0.0557685,482028,3055867,10000,0
1200000,3632.62,0.00493907,0.0557685,420022,2972103,10000,0
970000,3635.26,0.00493907,0.0557685,352837,2893085,10000,0
1440000,3636.86,0.00493907,0.0557685,484401,3045887,10000,0
